{
  "title": "MNIST (CNN)",
  "k": 8,
  "models": {
    "A": {
      "label": "A - Control",
      "train_acc": 0.9738333333333333,
      "test_acc": 0.963,
      "gen_gap": 0.010833333333333361
    },
    "C": {
      "label": "C - Feat. Noise",
      "train_acc": 0.9286666666666666,
      "test_acc": 0.933,
      "gen_gap": -0.004333333333333411
    },
    "D": {
      "label": "D - Label Poison",
      "train_acc": 0.9653333333333334,
      "test_acc": 0.957,
      "gen_gap": 0.008333333333333415
    },
    "B": {
      "label": "B - Overfit",
      "train_acc": 0.961,
      "test_acc": 0.958,
      "gen_gap": 0.0030000000000000027
    }
  },
  "finding1": {
    "variants": [
      "A",
      "C",
      "D",
      "B"
    ],
    "labels": [
      "A - Control",
      "C - Feat. Noise",
      "D - Label Poison",
      "B - Overfit"
    ],
    "scores": {
      "RA": [
        0.36737906931639747,
        0.4493001865703417,
        0.41280827745439463,
        0.2923701736609384
      ],
      "SA": [
        0.42797619047619045,
        0.44050453514739224,
        0.4376417233560092,
        0.4132936507936507
      ],
      "SRA": [
        0.32945416261742794,
        0.35039740385950296,
        0.34300175852653986,
        0.30927275672173626
      ]
    },
    "SRA_first": 0.32945416261742794,
    "SRA_last": 0.30927275672173626,
    "SRA_relative_decline_pct": 6.125709790811454
  },
  "finding2": {
    "entropy_sra_pearson_r": {
      "A": 0.006513639945936053,
      "C": 0.009152238678975327,
      "D": -0.1882280618746787,
      "B": 0.17264416798994192
    }
  },
  "finding3": {
    "sign_agreement_pairs": {
      "A": {
        "IG-SmoothGrad_SA": 0.31224489795918375,
        "KernelSHAP-SmoothGrad_SA": 0.5433673469387755,
        "LIME-IG_SA": 0.30493197278911566
      },
      "C": {
        "IG-SmoothGrad_SA": 0.32789115646258504,
        "KernelSHAP-SmoothGrad_SA": 0.5435374149659864,
        "LIME-IG_SA": 0.3115646258503401
      },
      "D": {
        "IG-SmoothGrad_SA": 0.3054421768707483,
        "KernelSHAP-SmoothGrad_SA": 0.5535714285714286,
        "LIME-IG_SA": 0.3168367346938776
      },
      "B": {
        "IG-SmoothGrad_SA": 0.3142857142857143,
        "KernelSHAP-SmoothGrad_SA": 0.5102040816326531,
        "LIME-IG_SA": 0.2916666666666667
      }
    }
  }
}