{
  "title": "Adult Income (MLP)",
  "k": 10,
  "models": {
    "A": {
      "label": "A - Control",
      "train_acc": 0.8842708333333333,
      "test_acc": 0.83625,
      "gen_gap": 0.04802083333333329
    },
    "C": {
      "label": "C - Feat. Noise",
      "train_acc": 0.7853125,
      "test_acc": 0.7545833333333334,
      "gen_gap": 0.030729166666666585
    },
    "D": {
      "label": "D - Label Poison",
      "train_acc": 0.7825,
      "test_acc": 0.7054166666666667,
      "gen_gap": 0.07708333333333328
    },
    "B": {
      "label": "B - Overfit",
      "train_acc": 0.6584375,
      "test_acc": 0.6295833333333334,
      "gen_gap": 0.028854166666666625
    }
  },
  "finding1": {
    "variants": [
      "A",
      "C",
      "D",
      "B"
    ],
    "labels": [
      "A - Control",
      "C - Feat. Noise",
      "D - Label Poison",
      "B - Overfit"
    ],
    "scores": {
      "RA": [
        0.27133115037081423,
        0.26076668484880955,
        0.24488774556956602,
        0.23782239807270003
      ],
      "SA": [
        0.305210355987055,
        0.29993527508090617,
        0.2960733549083064,
        0.2926321467098166
      ],
      "SRA": [
        0.6142852235770162,
        0.5795701343645857,
        0.558741537821559,
        0.545779787978477
      ]
    },
    "SRA_first": 0.6142852235770162,
    "SRA_last": 0.545779787978477,
    "SRA_relative_decline_pct": 11.152056564152446
  },
  "finding2": {
    "entropy_sra_pearson_r": {
      "A": -0.062180979818732475,
      "C": 0.011110893875561904,
      "D": -0.10299054833210362,
      "B": -0.13142081669302152
    }
  },
  "finding3": {
    "sign_agreement_pairs": {
      "A": {
        "IG-SmoothGrad_SA": 0.9840776699029126,
        "KernelSHAP-SmoothGrad_SA": 0.07080906148867314,
        "LIME-IG_SA": 0.09896440129449838
      },
      "C": {
        "IG-SmoothGrad_SA": 0.9629773462783172,
        "KernelSHAP-SmoothGrad_SA": 0.07016181229773463,
        "LIME-IG_SA": 0.09080906148867314
      },
      "D": {
        "IG-SmoothGrad_SA": 0.9536569579288028,
        "KernelSHAP-SmoothGrad_SA": 0.06932038834951455,
        "LIME-IG_SA": 0.08660194174757282
      },
      "B": {
        "IG-SmoothGrad_SA": 0.95126213592233,
        "KernelSHAP-SmoothGrad_SA": 0.06996763754045308,
        "LIME-IG_SA": 0.08110032362459546
      }
    }
  }
}