{
  "methods": [
    "LIME",
    "KernelSHAP",
    "Grad",
    "Grad*Input",
    "IG",
    "SmoothGrad"
  ],
  "k": 5,
  "matrices": {
    "neural_network": {
      "rank_correlation": [
        [
          1.0,
          0.7725000000000002,
          0.43785714285714294,
          0.5257142857142858,
          0.5667857142857143,
          0.49089285714285724
        ],
        [
          0.7725000000000002,
          1.0,
          0.3935714285714286,
          0.4946428571428572,
          0.5433928571428573,
          0.43339285714285725
        ],
        [
          0.43785714285714294,
          0.3935714285714286,
          1.0,
          0.7210714285714288,
          0.6076785714285715,
          0.8833928571428575
        ],
        [
          0.5257142857142858,
          0.4946428571428572,
          0.7210714285714288,
          1.0,
          0.7819642857142859,
          0.6135714285714287
        ],
        [
          0.5667857142857143,
          0.5433928571428573,
          0.6076785714285715,
          0.7819642857142859,
          1.0,
          0.6035714285714286
        ],
        [
          0.49089285714285724,
          0.43339285714285725,
          0.8833928571428575,
          0.6135714285714287,
          0.6035714285714286,
          1.0
        ]
      ],
      "pairwise_rank_agreement": [
        [
          1.0,
          0.8297619047619048,
          0.6642857142857143,
          0.7088095238095238,
          0.7278571428571428,
          0.6845238095238096
        ],
        [
          0.8297619047619048,
          1.0,
          0.6502380952380952,
          0.7004761904761904,
          0.718095238095238,
          0.6623809523809524
        ],
        [
          0.6642857142857143,
          0.6502380952380952,
          1.0,
          0.7978571428571429,
          0.7402380952380951,
          0.8940476190476191
        ],
        [
          0.7088095238095238,
          0.7004761904761904,
          0.7978571428571429,
          1.0,
          0.8347619047619048,
          0.7414285714285714
        ],
        [
          0.7278571428571428,
          0.718095238095238,
          0.7402380952380951,
          0.8347619047619048,
          1.0,
          0.7371428571428571
        ],
        [
          0.6845238095238096,
          0.6623809523809524,
          0.8940476190476191,
          0.7414285714285714,
          0.7371428571428571,
          1.0
        ]
      ],
      "feature_agreement": [
        [
          1.0,
          0.8310000000000001,
          0.7889999999999999,
          0.7879999999999998,
          0.7929999999999999,
          0.807
        ],
        [
          0.8310000000000001,
          1.0,
          0.7829999999999999,
          0.773,
          0.785,
          0.7869999999999999
        ],
        [
          0.7889999999999999,
          0.7829999999999999,
          1.0,
          0.8859999999999999,
          0.8370000000000002,
          0.8859999999999999
        ],
        [
          0.7879999999999998,
          0.773,
          0.8859999999999999,
          1.0,
          0.865,
          0.8330000000000001
        ],
        [
          0.7929999999999999,
          0.785,
          0.8370000000000002,
          0.865,
          1.0,
          0.8230000000000001
        ],
        [
          0.807,
          0.7869999999999999,
          0.8859999999999999,
          0.8330000000000001,
          0.8230000000000001,
          1.0
        ]
      ],
      "rank_agreement": [
        [
          1.0,
          0.5239999999999999,
          0.19,
          0.30000000000000004,
          0.35,
          0.226
        ],
        [
          0.5239999999999999,
          1.0,
          0.175,
          0.30200000000000005,
          0.331,
          0.19700000000000004
        ],
        [
          0.19,
          0.175,
          1.0,
          0.268,
          0.24600000000000002,
          0.603
        ],
        [
          0.30000000000000004,
          0.30200000000000005,
          0.268,
          1.0,
          0.49,
          0.225
        ],
        [
          0.35,
          0.331,
          0.24600000000000002,
          0.49,
          1.0,
          0.23399999999999999
        ],
        [
          0.226,
          0.19700000000000004,
          0.603,
          0.225,
          0.23399999999999999,
          1.0
        ]
      ],
      "sign_agreement": [
        [
          1.0,
          0.8180000000000001,
          0.289,
          0.7129999999999999,
          0.74,
          0.309
        ],
        [
          0.8180000000000001,
          1.0,
          0.29200000000000004,
          0.698,
          0.7239999999999999,
          0.30700000000000005
        ],
        [
          0.289,
          0.29200000000000004,
          1.0,
          0.29400000000000004,
          0.271,
          0.884
        ],
        [
          0.7129999999999999,
          0.698,
          0.29400000000000004,
          1.0,
          0.8430000000000001,
          0.267
        ],
        [
          0.74,
          0.7239999999999999,
          0.271,
          0.8430000000000001,
          1.0,
          0.267
        ],
        [
          0.309,
          0.30700000000000005,
          0.884,
          0.267,
          0.267,
          1.0
        ]
      ],
      "signed_rank_agreement": [
        [
          1.0,
          0.5159999999999999,
          0.07400000000000001,
          0.28,
          0.33,
          0.07200000000000001
        ],
        [
          0.5159999999999999,
          1.0,
          0.062,
          0.284,
          0.316,
          0.067
        ],
        [
          0.07400000000000001,
          0.062,
          1.0,
          0.086,
          0.076,
          0.602
        ],
        [
          0.28,
          0.284,
          0.086,
          1.0,
          0.483,
          0.061000000000000006
        ],
        [
          0.33,
          0.316,
          0.076,
          0.483,
          1.0,
          0.071
        ],
        [
          0.07200000000000001,
          0.067,
          0.602,
          0.061000000000000006,
          0.071,
          1.0
        ]
      ]
    },
    "logistic_regression": {
      "rank_correlation": [
        [
          1.0,
          0.7762500000000001,
          0.5307142857142858,
          0.6503571428571431,
          0.6503571428571431,
          0.5307142857142858
        ],
        [
          0.7762500000000001,
          1.0,
          0.5210714285714286,
          0.6239285714285715,
          0.6239285714285715,
          0.5210714285714286
        ],
        [
          0.5307142857142858,
          0.5210714285714286,
          1.0,
          0.7894642857142858,
          0.7894642857142858,
          1.0
        ],
        [
          0.6503571428571431,
          0.6239285714285715,
          0.7894642857142858,
          1.0,
          1.0,
          0.7894642857142858
        ],
        [
          0.6503571428571431,
          0.6239285714285715,
          0.7894642857142858,
          1.0,
          1.0,
          0.7894642857142858
        ],
        [
          0.5307142857142858,
          0.5210714285714286,
          1.0,
          0.7894642857142858,
          0.7894642857142858,
          1.0
        ]
      ],